{
  "data_storage": {
    "distance_pos": [
      0.0,
      0.0,
      0.0
    ],
    "seed": 6273932403310990436
  },
  "shapes": {
    "shapes": [
      {
        "type": "despawn_sphere",
        "color": 1621114960,
        "enabled": false,
        "display_name": "Despawn Sphere ( \u003e 128)",
        "render_type": "outer_edge",
        "layers": {
          "mode": "ALL",
          "axis": "Y",
          "layer_single": 0,
          "layer_above": 0,
          "layer_below": 0,
          "layer_range_min": 0,
          "layer_range_max": 0,
          "hotkey_range_min": false,
          "hotkey_range_max": false
        },
        "snap": "center",
        "combine_quads": false,
        "center": [
          -1687.5,
          69.0,
          1703.5
        ],
        "main_axis": "UP",
        "radius": 128.0,
        "margin": 1.5
      },
      {
        "type": "despawn_sphere",
        "color": 1621114960,
        "enabled": false,
        "display_name": "Despawn Sphere ( \u003e 128)",
        "render_type": "outer_edge",
        "layers": {
          "mode": "ALL",
          "axis": "Y",
          "layer_single": 0,
          "layer_above": 0,
          "layer_below": 0,
          "layer_range_min": 0,
          "layer_range_max": 0,
          "hotkey_range_min": false,
          "hotkey_range_max": false
        },
        "snap": "center",
        "combine_quads": false,
        "center": [
          -1542.5,
          57.0,
          1624.5
        ],
        "main_axis": "UP",
        "radius": 128.0,
        "margin": 1.5
      },
      {
        "type": "despawn_sphere",
        "color": 1621114960,
        "enabled": true,
        "display_name": "Despawn Sphere ( \u003e 128)",
        "render_type": "outer_edge",
        "layers": {
          "mode": "ALL",
          "axis": "Y",
          "layer_single": 0,
          "layer_above": 0,
          "layer_below": 0,
          "layer_range_min": 0,
          "layer_range_max": 0,
          "hotkey_range_min": false,
          "hotkey_range_max": false
        },
        "snap": "center",
        "combine_quads": false,
        "center": [
          -1531.5,
          58.0,
          1613.5
        ],
        "main_axis": "UP",
        "radius": 128.0,
        "margin": 1.5
      }
    ]
  }
}